ID,Model Number,Name,Value,Image URL,Created At,Version,Last Edited At
2,fkegj,hufvya,0,,2023-11-21 15:55:28.167224 +0000 UTC,1,2023-11-21 15:55:28.167224 +0000 UTC
3,musid,wucclu,0,,2023-11-21 15:55:28.235355 +0000 UTC,1,2023-11-21 15:55:28.235355 +0000 UTC
4,upjmu,pxhqga,0,,2023-11-21 15:55:28.305567 +0000 UTC,1,2023-11-21 15:55:28.305567 +0000 UTC
5,ayefa,ohgbgg,0,,2023-11-21 15:55:28.375733 +0000 UTC,1,2023-11-21 15:55:28.375733 +0000 UTC
6,szfml,aqqakz,0,,2023-11-21 15:55:28.447753 +0000 UTC,1,2023-11-21 15:55:28.447753 +0000 UTC
7,kirsy,kqxxtp,0,,2023-11-21 15:55:28.450504 +0000 UTC,1,2023-11-21 15:55:28.450504 +0000 UTC
8,drrux,pxmvbn,0,,2023-11-21 15:55:28.452653 +0000 UTC,1,2023-11-21 15:55:28.452653 +0000 UTC
9,lgoir,jxizov,0,,2023-11-21 15:55:28.454847 +0000 UTC,1,2023-11-21 15:55:28.454847 +0000 UTC
10,ufdcd,johxfa,0,,2023-11-21 15:55:28.456729 +0000 UTC,1,2023-11-21 15:55:28.456729 +0000 UTC
11,sepod,inznmo,0,,2023-11-21 15:55:28.458442 +0000 UTC,1,2023-11-21 15:55:28.458442 +0000 UTC
12,nqcpr,fvjhoq,0,,2023-11-21 15:55:28.460057 +0000 UTC,1,2023-11-21 15:55:28.460057 +0000 UTC
13,tzqwe,mygfsc,0,,2023-11-21 15:55:28.461888 +0000 UTC,1,2023-11-21 15:55:28.461888 +0000 UTC
14,vgmwf,eozhsk,0,,2023-11-21 15:55:28.46423 +0000 UTC,1,2023-11-21 15:55:28.46423 +0000 UTC
15,mdzst,voclao,0,,2023-11-21 15:55:28.466231 +0000 UTC,1,2023-11-21 15:55:28.466231 +0000 UTC
16,pjixw,epmyhf,0,,2023-11-21 15:55:28.536111 +0000 UTC,1,2023-11-21 15:55:28.536111 +0000 UTC
17,vutdp,qqgbhv,0,,2023-11-21 15:55:28.607856 +0000 UTC,1,2023-11-21 15:55:28.607856 +0000 UTC
18,ulxho,tatlre,0,,2023-11-21 15:55:28.678328 +0000 UTC,1,2023-11-21 15:55:28.678328 +0000 UTC
19,joudq,xmennf,0,,2023-11-21 15:55:28.748715 +0000 UTC,1,2023-11-21 15:55:28.748715 +0000 UTC
20,kmzqg,kibxje,0,,2023-11-21 15:55:28.8202 +0000 UTC,1,2023-11-21 15:55:28.8202 +0000 UTC
21,xphds,hwcgeu,0,,2023-11-21 15:55:28.893459 +0000 UTC,1,2023-11-21 15:55:28.893459 +0000 UTC
22,doykf,gdnhnt,0,,2023-11-21 15:55:28.96758 +0000 UTC,1,2023-11-21 15:55:28.96758 +0000 UTC
23,gijmf,plokaw,0,,2023-11-21 15:55:29.0391 +0000 UTC,1,2023-11-21 15:55:29.0391 +0000 UTC
24,ybydc,upyzje,0,,2023-11-21 15:55:29.110907 +0000 UTC,1,2023-11-21 15:55:29.110907 +0000 UTC
25,ozdbe,tqmoff,0,,2023-11-21 15:55:29.183449 +0000 UTC,1,2023-11-21 15:55:29.183449 +0000 UTC
26,mnbit,bxttib,0,,2023-11-21 15:55:29.254492 +0000 UTC,1,2023-11-21 15:55:29.254492 +0000 UTC
27,zlqwm,gojknd,0,,2023-11-21 15:55:29.488582 +0000 UTC,1,2023-11-21 15:55:29.488582 +0000 UTC
28,nxdnl,omsidl,0,,2023-11-21 15:55:29.562618 +0000 UTC,1,2023-11-21 15:55:29.562618 +0000 UTC
29,nqbna,bavmwv,0,,2023-11-21 15:55:29.656705 +0000 UTC,1,2023-11-21 15:55:29.656705 +0000 UTC
30,nsntg,prdvdt,0,,2023-11-21 15:55:29.729081 +0000 UTC,1,2023-11-21 15:55:29.729081 +0000 UTC
31,gzmjc,sziqhu,0,,2023-11-21 15:55:29.837777 +0000 UTC,1,2023-11-21 15:55:29.837777 +0000 UTC
32,btuvn,ezdgzl,0,,2023-11-21 15:55:29.905986 +0000 UTC,1,2023-11-21 15:55:29.905986 +0000 UTC
33,ympth,mtengz,0,,2023-11-21 15:55:29.977091 +0000 UTC,1,2023-11-21 15:55:29.977091 +0000 UTC
34,vcuft,lgnebe,0,,2023-11-21 15:55:30.045249 +0000 UTC,1,2023-11-21 15:55:30.045249 +0000 UTC
35,arcnz,fsfrbz,0,,2023-11-21 15:55:30.119464 +0000 UTC,1,2023-11-21 15:55:30.119464 +0000 UTC
36,znocf,hhfblo,0,,2023-11-21 15:55:30.18832 +0000 UTC,1,2023-11-21 15:55:30.18832 +0000 UTC
37,tudsl,slwsyp,0,,2023-11-21 15:55:30.258235 +0000 UTC,1,2023-11-21 15:55:30.258235 +0000 UTC
38,hzkqw,bocxhm,0,,2023-11-21 15:55:30.325361 +0000 UTC,1,2023-11-21 15:55:30.325361 +0000 UTC
39,lnvuf,aqewhe,0,,2023-11-21 15:55:30.392529 +0000 UTC,1,2023-11-21 15:55:30.392529 +0000 UTC
40,svosc,njceol,0,,2023-11-21 15:55:30.393917 +0000 UTC,1,2023-11-21 15:55:30.393917 +0000 UTC
41,rodcq,smgdaf,0,,2023-11-21 15:55:30.461676 +0000 UTC,1,2023-11-21 15:55:30.461676 +0000 UTC
42,hcudr,rizbls,0,,2023-11-21 15:55:30.463613 +0000 UTC,1,2023-11-21 15:55:30.463613 +0000 UTC
43,fcbcc,rhtppy,0,,2023-11-21 15:55:30.533764 +0000 UTC,1,2023-11-21 15:55:30.533764 +0000 UTC
44,rnglu,knutep,0,,2023-11-21 15:55:30.534882 +0000 UTC,1,2023-11-21 15:55:30.534882 +0000 UTC
45,ykwnz,qahqti,0,,2023-11-21 15:55:30.603876 +0000 UTC,1,2023-11-21 15:55:30.603876 +0000 UTC
46,tzrom,fksybu,0,,2023-11-21 15:55:30.605505 +0000 UTC,1,2023-11-21 15:55:30.605505 +0000 UTC
47,ghjmf,klryrh,0,,2023-11-21 15:55:30.675119 +0000 UTC,1,2023-11-21 15:55:30.675119 +0000 UTC
48,ikkaw,kacctc,0,,2023-11-21 15:55:30.677235 +0000 UTC,1,2023-11-21 15:55:30.677235 +0000 UTC
49,mdgyx,dqmbmz,0,,2023-11-21 15:55:30.746908 +0000 UTC,1,2023-11-21 15:55:30.746908 +0000 UTC
50,ddpxn,rktukl,0,,2023-11-21 15:55:30.749021 +0000 UTC,1,2023-11-21 15:55:30.749021 +0000 UTC
51,ooyav,qkpnwo,0,,2023-11-21 15:55:30.819497 +0000 UTC,1,2023-11-21 15:55:30.819497 +0000 UTC
52,dwbuu,lfdmxy,0,,2023-11-21 15:55:30.821528 +0000 UTC,1,2023-11-21 15:55:30.821528 +0000 UTC
53,vfgry,xcwrkn,0,,2023-11-21 15:55:30.891698 +0000 UTC,1,2023-11-21 15:55:30.891698 +0000 UTC
54,qseyb,pdudpd,0,,2023-11-21 15:55:30.893319 +0000 UTC,1,2023-11-21 15:55:30.893319 +0000 UTC
55,tddgf,pqypxd,0,,2023-11-21 15:55:30.962676 +0000 UTC,1,2023-11-21 15:55:30.962676 +0000 UTC
56,yaymo,xlzfxz,0,,2023-11-21 15:55:30.964784 +0000 UTC,1,2023-11-21 15:55:30.964784 +0000 UTC
57,fvwbk,apjnld,0,,2023-11-21 15:55:31.03445 +0000 UTC,1,2023-11-21 15:55:31.03445 +0000 UTC
58,upibd,sfvzyx,0,,2023-11-21 15:55:31.03616 +0000 UTC,1,2023-11-21 15:55:31.03616 +0000 UTC
59,fpxgw,lahxej,0,,2023-11-21 15:55:31.23568 +0000 UTC,1,2023-11-21 15:55:31.23568 +0000 UTC
60,eyorx,fydexi,0,,2023-11-21 15:55:31.237482 +0000 UTC,1,2023-11-21 15:55:31.237482 +0000 UTC
61,pkimn,erjcfy,0,,2023-11-21 15:55:31.241052 +0000 UTC,1,2023-11-21 15:55:31.241052 +0000 UTC
62,akqzj,cyzopl,0,,2023-11-21 15:55:31.242892 +0000 UTC,1,2023-11-21 15:55:31.242892 +0000 UTC
63,lkwav,gbfycv,0,,2023-11-21 15:55:31.245332 +0000 UTC,1,2023-11-21 15:55:31.245332 +0000 UTC
64,ulpye,tafjvh,0,,2023-11-21 15:55:31.246485 +0000 UTC,1,2023-11-21 15:55:31.246485 +0000 UTC
65,bhqtv,qgwtax,0,,2023-11-21 15:55:31.250592 +0000 UTC,1,2023-11-21 15:55:31.250592 +0000 UTC
66,aiwka,eqqcms,0,,2023-11-21 15:55:31.251857 +0000 UTC,1,2023-11-21 15:55:31.251857 +0000 UTC
67,iglbw,zwthkj,0,,2023-11-21 15:55:31.254459 +0000 UTC,1,2023-11-21 15:55:31.254459 +0000 UTC
68,krgvi,whepzp,0,,2023-11-21 15:55:31.255599 +0000 UTC,1,2023-11-21 15:55:31.255599 +0000 UTC
69,khzhx,rjjzrp,0,,2023-11-21 15:55:31.257406 +0000 UTC,1,2023-11-21 15:55:31.257406 +0000 UTC
70,ryuqe,wxttcv,0,,2023-11-21 15:55:31.257952 +0000 UTC,1,2023-11-21 15:55:31.257952 +0000 UTC
71,dvxeb,wmlmzz,0,,2023-11-21 15:55:31.25902 +0000 UTC,1,2023-11-21 15:55:31.25902 +0000 UTC
72,neajk,jicelh,0,,2023-11-21 15:55:31.259525 +0000 UTC,1,2023-11-21 15:55:31.259525 +0000 UTC
73,ekvep,jjdcov,0,,2023-11-21 15:55:31.260462 +0000 UTC,1,2023-11-21 15:55:31.260462 +0000 UTC
74,yeyzk,kyevif,0,,2023-11-21 15:55:31.2609 +0000 UTC,1,2023-11-21 15:55:31.2609 +0000 UTC
75,hodwy,khqykp,0,,2023-11-21 15:55:31.261999 +0000 UTC,1,2023-11-21 15:55:31.261999 +0000 UTC
76,uwcpq,sgijax,0,,2023-11-21 15:55:31.262411 +0000 UTC,1,2023-11-21 15:55:31.262411 +0000 UTC
77,ctclv,kftpbl,0,,2023-11-21 15:55:31.263258 +0000 UTC,1,2023-11-21 15:55:31.263258 +0000 UTC
78,nxurx,hntmfr,0,,2023-11-21 15:55:31.263691 +0000 UTC,1,2023-11-21 15:55:31.263691 +0000 UTC
79,iuqnz,yrrney,0,,2023-11-21 15:55:31.331329 +0000 UTC,1,2023-11-21 15:55:31.331329 +0000 UTC
80,amnyb,qdjnsv,0,,2023-11-21 15:55:31.399217 +0000 UTC,1,2023-11-21 15:55:31.399217 +0000 UTC
81,aluex,aedzmm,0,,2023-11-21 15:55:31.470015 +0000 UTC,1,2023-11-21 15:55:31.470015 +0000 UTC
82,lwayc,nfnemm,0,,2023-11-21 15:55:31.538505 +0000 UTC,1,2023-11-21 15:55:31.538505 +0000 UTC
83,mpkql,wjncpk,0,,2023-11-21 15:55:31.61043 +0000 UTC,1,2023-11-21 15:55:31.61043 +0000 UTC
84,oyyxp,cddmdu,0,,2023-11-21 15:55:31.678346 +0000 UTC,1,2023-11-21 15:55:31.678346 +0000 UTC
85,bkawe,rpwhao,0,,2023-11-21 15:55:31.74946 +0000 UTC,1,2023-11-21 15:55:31.74946 +0000 UTC
86,jmizy,swgveb,0,,2023-11-21 15:55:31.818288 +0000 UTC,1,2023-11-21 15:55:31.818288 +0000 UTC
87,aszrn,gctnzm,0,,2023-11-21 15:55:31.8897 +0000 UTC,1,2023-11-21 15:55:31.8897 +0000 UTC
88,sifyr,ylsccz,0,,2023-11-21 15:55:31.891492 +0000 UTC,1,2023-11-21 15:55:31.891492 +0000 UTC
89,qiurg,fnmbfr,0,,2023-11-21 15:55:31.959966 +0000 UTC,1,2023-11-21 15:55:31.959966 +0000 UTC
90,gqiyu,rtokmw,0,,2023-11-21 15:55:31.961486 +0000 UTC,1,2023-11-21 15:55:31.961486 +0000 UTC
91,xsxew,xgaffn,0,,2023-11-21 15:55:32.030726 +0000 UTC,1,2023-11-21 15:55:32.030726 +0000 UTC
92,vpgbp,cwxmel,0,,2023-11-21 15:55:32.031788 +0000 UTC,1,2023-11-21 15:55:32.031788 +0000 UTC
93,kokyf,qrstfz,0,,2023-11-21 15:55:32.097856 +0000 UTC,1,2023-11-21 15:55:32.097856 +0000 UTC
94,odfkj,fubrnx,0,,2023-11-21 15:55:32.099076 +0000 UTC,1,2023-11-21 15:55:32.099076 +0000 UTC
95,bwjxs,vbpyqi,0,,2023-11-21 15:55:32.166814 +0000 UTC,1,2023-11-21 15:55:32.166814 +0000 UTC
96,mnghp,ygjbai,0,,2023-11-21 15:55:32.167865 +0000 UTC,1,2023-11-21 15:55:32.167865 +0000 UTC
97,qslkz,xccmjn,0,,2023-11-21 15:55:32.235614 +0000 UTC,1,2023-11-21 15:55:32.235614 +0000 UTC
98,jbmbl,jmzkig,0,,2023-11-21 15:55:32.236835 +0000 UTC,1,2023-11-21 15:55:32.236835 +0000 UTC
99,lrfey,nzmgte,0,,2023-11-21 15:55:32.306944 +0000 UTC,1,2023-11-21 15:55:32.306944 +0000 UTC
100,gmqlg,ytypyw,0,,2023-11-21 15:55:32.308218 +0000 UTC,1,2023-11-21 15:55:32.308218 +0000 UTC
101,jravf,uodwkt,0,,2023-11-21 15:55:32.378189 +0000 UTC,1,2023-11-21 15:55:32.378189 +0000 UTC
102,zmafm,xlpuss,0,,2023-11-21 15:55:32.379931 +0000 UTC,1,2023-11-21 15:55:32.379931 +0000 UTC
103,eaphc,okpmjb,0,,2023-11-21 15:55:32.446754 +0000 UTC,1,2023-11-21 15:55:32.446754 +0000 UTC
104,zumup,pkgbrj,0,,2023-11-21 15:55:32.447781 +0000 UTC,1,2023-11-21 15:55:32.447781 +0000 UTC
105,bpdyc,qyczhw,0,,2023-11-21 15:55:32.513934 +0000 UTC,1,2023-11-21 15:55:32.513934 +0000 UTC
106,xhzyi,toqxno,0,,2023-11-21 15:55:32.515447 +0000 UTC,1,2023-11-21 15:55:32.515447 +0000 UTC
107,oaxqk,jnmhsi,0,,2023-11-21 15:55:32.648622 +0000 UTC,1,2023-11-21 15:55:32.648622 +0000 UTC
108,qvtxp,xcnrma,0,,2023-11-21 15:55:32.715986 +0000 UTC,1,2023-11-21 15:55:32.715986 +0000 UTC
109,mawfk,mrhqeo,0,,2023-11-21 15:55:32.787303 +0000 UTC,1,2023-11-21 15:55:32.787303 +0000 UTC
110,wzeri,jpsxgd,0,,2023-11-21 15:55:32.854902 +0000 UTC,1,2023-11-21 15:55:32.854902 +0000 UTC
111,elhqf,kktlyc,0,,2023-11-21 15:55:32.922428 +0000 UTC,1,2023-11-21 15:55:32.922428 +0000 UTC
112,vrecy,zjwhuv,0,,2023-11-21 15:55:32.989901 +0000 UTC,1,2023-11-21 15:55:32.989901 +0000 UTC
113,dvexr,jagxia,0,,2023-11-21 15:55:33.060203 +0000 UTC,1,2023-11-21 15:55:33.060203 +0000 UTC
114,npaoa,ujevvs,0,,2023-11-21 15:55:33.128197 +0000 UTC,1,2023-11-21 15:55:33.128197 +0000 UTC
115,fxfad,iznwra,0,,2023-11-21 15:55:33.198924 +0000 UTC,1,2023-11-21 15:55:33.198924 +0000 UTC
116,cazse,pzzray,0,,2023-11-21 15:55:33.268392 +0000 UTC,1,2023-11-21 15:55:33.268392 +0000 UTC
117,qerth,rmckii,0,,2023-11-21 15:55:33.338155 +0000 UTC,1,2023-11-21 15:55:33.338155 +0000 UTC
118,zpxzt,ckoqbq,0,,2023-11-21 15:55:33.404153 +0000 UTC,1,2023-11-21 15:55:33.404153 +0000 UTC
119,vaibe,einmsb,0,,2023-11-21 15:55:33.472589 +0000 UTC,1,2023-11-21 15:55:33.472589 +0000 UTC
120,yasqt,hyhsgc,0,,2023-11-21 15:55:33.541491 +0000 UTC,1,2023-11-21 15:55:33.541491 +0000 UTC
121,xzatb,wjqboe,0,,2023-11-21 15:55:33.611288 +0000 UTC,1,2023-11-21 15:55:33.611288 +0000 UTC
122,deahr,pksnao,0,,2023-11-21 15:55:33.679665 +0000 UTC,1,2023-11-21 15:55:33.679665 +0000 UTC
123,cfusw,mhggvj,0,,2023-11-21 15:55:33.750232 +0000 UTC,1,2023-11-21 15:55:33.750232 +0000 UTC
124,hhpen,kqdvpp,0,,2023-11-21 15:55:33.8169 +0000 UTC,1,2023-11-21 15:55:33.8169 +0000 UTC
125,muqnm,djknxf,0,,2023-11-21 15:55:33.883682 +0000 UTC,1,2023-11-21 15:55:33.883682 +0000 UTC
126,uzmqb,obsspz,0,,2023-11-21 15:55:33.948987 +0000 UTC,1,2023-11-21 15:55:33.948987 +0000 UTC
127,nrnmh,arztrc,0,,2023-11-21 15:55:33.953612 +0000 UTC,1,2023-11-21 15:55:33.953612 +0000 UTC
128,gfkxn,fdvsku,0,,2023-11-21 15:55:33.955041 +0000 UTC,1,2023-11-21 15:55:33.955041 +0000 UTC
129,boxxt,cqxrfq,0,,2023-11-21 15:55:33.957549 +0000 UTC,1,2023-11-21 15:55:33.957549 +0000 UTC
130,serjm,cizdka,0,,2023-11-21 15:55:33.960644 +0000 UTC,1,2023-11-21 15:55:33.960644 +0000 UTC
131,cvbww,nwnebk,0,,2023-11-21 15:55:33.962902 +0000 UTC,1,2023-11-21 15:55:33.962902 +0000 UTC
132,byhyp,eshiwg,0,,2023-11-21 15:55:33.964015 +0000 UTC,1,2023-11-21 15:55:33.964015 +0000 UTC
133,vhsid,qhlrwe,0,,2023-11-21 15:55:33.965022 +0000 UTC,1,2023-11-21 15:55:33.965022 +0000 UTC
134,xtyla,aorxji,0,,2023-11-21 15:55:33.966473 +0000 UTC,1,2023-11-21 15:55:33.966473 +0000 UTC
135,hjlsu,dspinw,0,,2023-11-21 15:55:33.967898 +0000 UTC,1,2023-11-21 15:55:33.967898 +0000 UTC
136,khgdp,hgrhlb,0,,2023-11-21 15:55:33.968839 +0000 UTC,1,2023-11-21 15:55:33.968839 +0000 UTC
137,zwnjy,hjvnbp,0,,2023-11-21 15:55:33.969632 +0000 UTC,1,2023-11-21 15:55:33.969632 +0000 UTC
138,yidxo,dqcsuo,0,,2023-11-21 15:55:33.970338 +0000 UTC,1,2023-11-21 15:55:33.970338 +0000 UTC
139,xcdxb,fsnhuq,0,,2023-11-21 15:55:33.971013 +0000 UTC,1,2023-11-21 15:55:33.971013 +0000 UTC
140,cddxh,iztpam,0,,2023-11-21 15:55:33.9717 +0000 UTC,1,2023-11-21 15:55:33.9717 +0000 UTC
141,cvrii,kyaqxz,142,,2023-11-21 15:55:33.972868 +0000 UTC,2,2023-11-21 15:55:33.972868 +0000 UTC
143,pegjr,ajzbkp,0,,2023-11-21 15:55:35.219215 +0000 UTC,1,2023-11-21 15:55:35.219215 +0000 UTC
144,lmjtj,gbjyfi,0,,2023-11-21 15:55:35.286224 +0000 UTC,1,2023-11-21 15:55:35.286224 +0000 UTC
145,gqwkl,irdrnd,0,,2023-11-21 15:55:35.35582 +0000 UTC,1,2023-11-21 15:55:35.35582 +0000 UTC
146,pbojd,iykgri,0,,2023-11-21 15:55:35.424172 +0000 UTC,1,2023-11-21 15:55:35.424172 +0000 UTC
147,flowl,jeribd,0,,2023-11-21 15:55:35.491842 +0000 UTC,1,2023-11-21 15:55:35.491842 +0000 UTC
148,yzdpc,upngnf,0,,2023-11-21 15:55:35.560784 +0000 UTC,1,2023-11-21 15:55:35.560784 +0000 UTC
149,dcvur,acovev,0,,2023-11-21 15:55:35.630632 +0000 UTC,1,2023-11-21 15:55:35.630632 +0000 UTC
150,awxrq,niayhp,0,,2023-11-21 15:55:35.700168 +0000 UTC,1,2023-11-21 15:55:35.700168 +0000 UTC
151,peumj,xqssac,0,,2023-11-21 15:55:35.770465 +0000 UTC,1,2023-11-21 15:55:35.770465 +0000 UTC
152,okrlx,faglus,0,,2023-11-21 15:55:35.839197 +0000 UTC,1,2023-11-21 15:55:35.839197 +0000 UTC
153,bywep,bkhprf,0,,2023-11-21 15:55:35.90821 +0000 UTC,1,2023-11-21 15:55:35.90821 +0000 UTC
154,gddgv,iknnqm,0,,2023-11-21 15:55:35.977633 +0000 UTC,1,2023-11-21 15:55:35.977633 +0000 UTC
155,aihbe,rlgjgt,0,,2023-11-21 15:55:36.045448 +0000 UTC,1,2023-11-21 15:55:36.045448 +0000 UTC
